<?xml version="1.0" encoding="UTF-8"?>
<beans xmlns="http://www.springframework.org/schema/beans"
xmlns:xsi="http://www.w3.org/2001/XMLSchema-instance"
xsi:schemaLocation="http://www.springframework.org/schema/beans
http://www.springframework.org/schema/beans/spring-beans.xsd">
<bean id="tejas" class="com.anudip.springshape.Painter">
<constructor-arg ref="cir"></constructor-arg>
</bean>

<bean id="cir" class="com.anudip.springshape.Circle">
<constructor-arg name ="color" value="Red"></constructor-arg>
</bean>

<bean id="rect" class="com.anudip.springshape.Rectangle">
<property name="color" value="Blue"></property>
</bean>

<bean id="Yuvraj" class="com.anudip.springshape.Singer">
</bean>


</beans>